Group,Link,Type
350.org,https://mediabiasfactcheck.com/350-org-bias-and-credibility/,left
350africa.org,https://mediabiasfactcheck.com/350africa-org-bias/,left
350 Aotearoa (350.org.nz),https://mediabiasfactcheck.com/350-aotearoa-bias-and-credibility/,left
350 Asia (350asia.org),https://mediabiasfactcheck.com/350-asia-bias/,left
350 Australia (350.org.au),https://mediabiasfactcheck.com/350-australia-bias-and-credibility/,left
350 Canada (350.org/canada/),https://mediabiasfactcheck.com/350-canada-bias-and-credibility/,left
350 France (350.org/fr/),https://mediabiasfactcheck.com/350-france-bias-and-credibility/,left
350 Germany (350.org/de/),https://mediabiasfactcheck.com/350-germany-bias-and-credibility/,left
350 Indonesia (350.org/id/),https://mediabiasfactcheck.com/350-indonesia-bias-and-credibility/,left
350 Japan (world.350.org/ja/),https://mediabiasfactcheck.com/350-japan-bias-and-credibility/,left
350 Pacific (350.org/pacific/),https://mediabiasfactcheck.com/350-pacific-bias/,left
350 Pilipinas (world.350.org/philippines/),https://mediabiasfactcheck.com/350-pilipinas-bias-and-credibility/,left
350 Turkiye (350turkiye.org),https://mediabiasfactcheck.com/350-turkiye-bias-and-credibility/,left
Accountable.US,https://mediabiasfactcheck.com/accountable-us/,left
ActBlue (secure.actblue.com),https://mediabiasfactcheck.com/actblue-bias-and-credibility/,left
Act.TV (act.tv),https://mediabiasfactcheck.com/act-tv/,left
Action Network (actionnetwork.org),https://mediabiasfactcheck.com/action-network-bias/,left
Aftonbladet,https://mediabiasfactcheck.com/aftonbladet/,left
Alabama Reflector (alabamareflector.com),https://mediabiasfactcheck.com/alabama-reflector-bias/,left
Alaska Beacon (alaskabeacon.com),https://mediabiasfactcheck.com/alaska-beacon-bias/,left
Al DIA,https://mediabiasfactcheck.com/al-dia/,left
Alliance for Justice (AFJ) (www.afj.org),https://mediabiasfactcheck.com/alliance-for-justice-afj/,left
Alt News,https://mediabiasfactcheck.com/alt-news/,left
Alternet (www.alternet.org),https://mediabiasfactcheck.com/alternet/,left
Amandla (aidc.org.za),https://mediabiasfactcheck.com/amandla/,left
American Bridge 21st Century (americanbridgepac.org),https://mediabiasfactcheck.com/american-bridge-21st-century/,left
American Democracy Scorecard (americandemocracyscorecard.org),https://mediabiasfactcheck.com/american-democracy-scorecard-bias-and-credibility/,left
American Oversight,https://mediabiasfactcheck.com/american-oversight/,left
Americans United for Separation of Church and State (www.au.org),https://mediabiasfactcheck.com/american-united-separation-church-state/,left
Angry White Men (angrywhitemen.org),https://mediabiasfactcheck.com/angry-white-men/,left
Anthropocene Alliance (anthropocenealliance.org),https://mediabiasfactcheck.com/anthropocene-alliance-a2-bias/,left
Anthropocene Magazine (www.anthropocenemagazine.org),https://mediabiasfactcheck.com/conservation-magazine/,left
Arizona Mirror (azmirror.com),https://mediabiasfactcheck.com/arizona-mirror-bias/,left
Arkansas Advocate (arkansasadvocate.com),https://mediabiasfactcheck.com/arkansas-advocate-bias/,left
Attack the System (attackthesystem.com),https://mediabiasfactcheck.com/attack-the-system/,left
AT Advocacy (atadvocacy.com),https://mediabiasfactcheck.com/at-advocacy-bias-and-credibility/,left
AutoStraddle (www.autostraddle.com),https://mediabiasfactcheck.com/autostraddle/,left
Baltimore City Paper (www.citypaper.com),https://mediabiasfactcheck.com/baltimore-city-paper/,left
Bay Area Reporter (www.ebar.com),https://mediabiasfactcheck.com/bay-area-reporter/,left
Being Liberal (www.themaven.net),https://mediabiasfactcheck.com/being-liberal/,left
BerkeleySide (berkeleyside.org),https://mediabiasfactcheck.com/berkeleyside-bias-and-credibility/,left
BillMoyers.com (billmoyers.com),https://mediabiasfactcheck.com/billmoyers-com/,left
Black Agenda Report (blackagendareport.com),https://mediabiasfactcheck.com/black-agenda-report/,left
Black America Web (blackamericaweb.com),https://mediabiasfactcheck.com/black-america-web/,left
Black Lives Matter (blacklivesmatter.com),https://mediabiasfactcheck.com/black-lives-matter/,left
Black Main Street (blackmainstreet.net),https://mediabiasfactcheck.com/black-main-street/,left
Black Wall Street Times (theblackwallsttimes.com),https://mediabiasfactcheck.com/black-wall-street-times-bias-and-credibility/,left
BoingBoing (boingboing.net),https://mediabiasfactcheck.com/boing-boing/,left
Bolde (bolde.com),https://mediabiasfactcheck.com/bolde-bias/,left
Boston Review (bostonreview.net),https://mediabiasfactcheck.com/boston-review/,left
Breakthrough News (breakthroughnews.org),https://mediabiasfactcheck.com/breakthrough-news-bias/,left
Briarpatch Magazine (briarpatchmagazine.com),https://mediabiasfactcheck.com/briarpatch-magazine-bias/,left
Brit + Co (brit.com),https://mediabiasfactcheck.com/brit-co-bias-and-credibility/,left
Brut.Media,https://mediabiasfactcheck.com/brut-media-bias/,left
B’Tselem (btselem.org),https://mediabiasfactcheck.com/btselem-bias/,left
Bucks County Beacon (buckscountybeacon.com),https://mediabiasfactcheck.com/bucks-county-beacon-bias-and-credibility/,left
Bust Magazine (bust.com),https://mediabiasfactcheck.com/bust-magazine/,left
Call to Activism (calltoactivism.com),https://mediabiasfactcheck.com/call-to-activism/,left
Canada Fact Check (canadafactcheck.ca),https://mediabiasfactcheck.com/canada-fact-check/,left
Canadian Anti-Hate Network (antihate.ca),https://mediabiasfactcheck.com/canadian-anti-hate-network-bias/,left
Canadian Dimension (canadiandimension.com),https://mediabiasfactcheck.com/canadian-dimension/,left
Capital & Main (capitalandmain.com),https://mediabiasfactcheck.com/capital-main/,left
Capitol News Illinois (capitolnewsillinois.com),https://mediabiasfactcheck.com/capitol-news-illinois-bias/,left
Care2 (www.care2.com),https://mediabiasfactcheck.com/care2/,left
Ceasefire Magazine (ceasefiremagazine.co.uk),https://mediabiasfactcheck.com/ceasefire-magazine/,left
Center for American Progress (www.americanprogress.org),https://mediabiasfactcheck.com/center-for-american-progress/,left
Center for Biological Diversity (biologicaldiversity.org),https://mediabiasfactcheck.com/center-for-biological-diversity-bias/,left
Center for Law and Social Policy (clasp.org),https://mediabiasfactcheck.com/center-for-law-and-social-policy-clasp-bias-2/,left
Center for Media and Democracy (www.prwatch.org),https://mediabiasfactcheck.com/center-for-media-and-democracy/,left
Center for a Stateless Society (c4ss.org),https://mediabiasfactcheck.com/center-for-a-stateless-society/,left
Change.org (https://www.change.org/),https://mediabiasfactcheck.com/change-org/,left
Change Research (changeresearch.com),https://mediabiasfactcheck.com/change-research-bias/,left
Chicago Reader (www.chicagoreader.com),https://mediabiasfactcheck.com/chicago-reader/,left
Chicago Reporter (chicagoreporter.com),https://mediabiasfactcheck.com/the-chicago-reporter/,left
China Internet Information Center (china.org.cn),https://mediabiasfactcheck.com/china-internet-information-center/,left
Cincinnati CityBeat (citybeat.com),https://mediabiasfactcheck.com/cincinnati-citybeat-bias/,left
Citizen Data (citizendata.com),https://mediabiasfactcheck.com/citizen-data-bias-and-credibility/,left
Civiqs (civiqs.com),https://mediabiasfactcheck.com/civiqs-bias-and-credibility/,left
Cleveland Scene (clevescene.com),https://mediabiasfactcheck.com/cleveland-scene/,left
Clima Fund (climasolutions.org),https://mediabiasfactcheck.com/clima-fund-bias-and-credibility/,left
Climate Home News (climatechangenews.com),https://mediabiasfactcheck.com/climate-home-news-bias/,left
Climate Justice Alliance (climatejusticealliance.org),https://mediabiasfactcheck.com/climate-justice-alliance-bias/,left
Coda Story (Codastory.com),https://mediabiasfactcheck.com/coda-story-bias/,left
Code Pink (www.codepink.org),https://mediabiasfactcheck.com/code-pink/,left
Colorado Newsline (coloradonewsline.com),https://mediabiasfactcheck.com/colorado-newsline-bias/,left
Colorado Times Reporter (coloradotimesreporter.com),https://mediabiasfactcheck.com/colorado-times-recorder-bias/,left
ColorLines (colorlines.com),https://mediabiasfactcheck.com/colorlines/,left
Color of Change (colorofchange.org),https://mediabiasfactcheck.com/color-of-change-bias/,left
Columbus Free Press (https://columbusfreepress.com/),https://mediabiasfactcheck.com/columbus-free-press/,left
Comic Sands,https://mediabiasfactcheck.com/comic-sands/,left
Common Dreams (www.commondreams.org),https://mediabiasfactcheck.com/common-dreams/,left
Commune Magazine (communemag.com),https://mediabiasfactcheck.com/commune-magazine/,left
Communist Party USA (cpusa.org),https://mediabiasfactcheck.com/communist-party-usa-bias/,left
CommonWealth Beacon (commonwealthbeacon.org),https://mediabiasfactcheck.com/commonwealth-beacon-bias/,left
Consortium News (consortiumnews.com),https://mediabiasfactcheck.com/consortium-news/,left
Cop Block (copblock.org),https://mediabiasfactcheck.com/cop-block/,left
Cosmopolitan (www.cosmopolitan.com),https://mediabiasfactcheck.com/cosmopolitan/,left
CounterCurrents.org (www.countercurrents.org),https://mediabiasfactcheck.com/countercurrents-org/,left
Counterfire (counterfire.org),https://mediabiasfactcheck.com/counterfire-bias/,left
CounterPunch (www.counterpunch.org),https://mediabiasfactcheck.com/counterpunch/,left
CounterVortex (countervortex.org),https://mediabiasfactcheck.com/countervortex-bias-and-credibility/,left
Crikey (crikey.com.au),https://mediabiasfactcheck.com/crikey/,left
CrimethInc (crimethinc.com),https://mediabiasfactcheck.com/crimethinc/,left
Crooked Media (crooked.com),https://mediabiasfactcheck.com/crooked-media/,left
Crooks and Liars (crooksandliars.com),https://mediabiasfactcheck.com/crooks-and-liars/,left
Current Affairs (www.currentaffairs.org),https://mediabiasfactcheck.com/current-affairs-magazine/,left
Curve Magazine (www.curvemag.com),https://mediabiasfactcheck.com/curve-magazine/,left
Dagens ETC (etc.se),https://mediabiasfactcheck.com/dagens-etc-bias-and-credibility/,left
Daily Beast (www.thedailybeast.com),https://mediabiasfactcheck.com/daily-beast/,left
Daily Dot (www.dailydot.com),https://mediabiasfactcheck.com/daily-dot/,left
Daily Kos,https://mediabiasfactcheck.com/daily-kos/,left
Daily Montanan (dailymontanan.com),https://mediabiasfactcheck.com/daily-montanan-bias/,left
Daily News bin,https://mediabiasfactcheck.com/daily-news-bin/,left
Daily Record (Scotland) (www.dailyrecord.co.uk),https://mediabiasfactcheck.com/daily-record-scotland/,left
Daily Sound and Fury (dailysoundandfury.com),https://mediabiasfactcheck.com/daily-sound-and-fury/,left
Dallas Voice (www.dallasvoice.com),https://mediabiasfactcheck.com/dallas-voice/,left
Dame Magazine (damemagazine.com),https://mediabiasfactcheck.com/dame-magazine-bias/,left
DavidPakman.com,https://mediabiasfactcheck.com/davidpakman-com-bias/,left
DeadState (deadstate.org),https://mediabiasfactcheck.com/dead-state/,left
Deadspin (deadspin.com),https://mediabiasfactcheck.com/deadspin/,left
Defend Democracy Press (defenddemocracy.press),https://mediabiasfactcheck.com/defend-democracy-press-bias/,left
Democracy Chronicles (democracychronicles.org),https://mediabiasfactcheck.com/democracy-chronicles/,left
Democracy Docket (democracydocket.com),https://mediabiasfactcheck.com/democracy-docket-bias/,left
Democracy Guardian,https://mediabiasfactcheck.com/democracy-guardian/,left
Democracy Journal (democracyjournal.org),https://mediabiasfactcheck.com/democracy-journal/,left
Democracy Now (www.democracynow.org),https://mediabiasfactcheck.com/democracy-now/,left
Democratic Socialists of America (dsausa.org),https://mediabiasfactcheck.com/democratic-socialists-of-america-bias-and-credibility/,left
Democratic Underground (www.democraticunderground.com),https://mediabiasfactcheck.com/democratic-underground/,left
Deshabhimani (https://www.deshabhimani.com/),https://mediabiasfactcheck.com/deshabhimani/,left
DeSmog (www.desmogblog.com),https://mediabiasfactcheck.com/desmog/,left
Detroit Metro News,https://mediabiasfactcheck.com/detroit-metro-times/,left
Die Tageszeitung (taz.de),https://mediabiasfactcheck.com/die-tageszeitung-bias-and-credibility/,left
Dissent Magazine (www.dissentmagazine.org),https://mediabiasfactcheck.com/dissent-magazine/,left
Double Down News (doubledown.news),https://mediabiasfactcheck.com/double-down-news-ddn-bias/,left
Dream for America (dream4america.org),https://mediabiasfactcheck.com/dream-for-america-bias/,left
Drudge Retort (www.drudge.com),https://mediabiasfactcheck.com/drudge-retort/,left
Earth First Journal (earthfirstjournal.org),https://mediabiasfactcheck.com/earth-first-journal/,left
Ecowatch (www.ecowatch.com),https://mediabiasfactcheck.com/ecowatch/,left
Egberto Willies (egbertowillies.com),https://mediabiasfactcheck.com/egbertowillies/,left
Electoral-Vote.com (www.electoral-vote.com),https://mediabiasfactcheck.com/electoral-vote-com/,left
Electronic Intifada (electronicintifada.net),https://mediabiasfactcheck.com/electronic-intifada/,left
Elite Daily (elitedaily.com),https://mediabiasfactcheck.com/elite-daily/,left
Elle Magazine (elle.com),https://mediabiasfactcheck.com/elle-magazine/,left
Erin in the Morning (erininthemorning.com),https://mediabiasfactcheck.com/erin-in-the-morning-bias-and-credibility/,left
Esquire Magazine (www.esquire.com),https://mediabiasfactcheck.com/esquire-magazine/,left
Euro-Med Human Rights Monitor (euromedmonitor.org),https://mediabiasfactcheck.com/euro-med-human-rights-monitor-bias/,left
Everyday Feminism (everydayfeminism.com),https://mediabiasfactcheck.com/everyday-feminism/,left
Evonomics (evonomics.com),https://mediabiasfactcheck.com/evonomics/,left
Exposed by CMD (exposedbycmd.org),https://mediabiasfactcheck.com/exposed-by-cmd-bias/,left
FairPlanet (fairplanet.org),https://mediabiasfactcheck.com/fair-planet-bias/,left
Feminist Current (www.feministcurrent.com),https://mediabiasfactcheck.com/feminist-current/,left
Fifth Estate (www.fifthestate.org),https://mediabiasfactcheck.com/fifth-estate/,left
Finnish News (finnishnews.fi),https://mediabiasfactcheck.com/finnish-news/,left
Florida Phoenix (floridaphoenix.com),https://mediabiasfactcheck.com/florida-phoenix-bias/,left
Food and Water Watch (www.foodandwaterwatch.org),https://mediabiasfactcheck.com/food-and-water-watch/,left
Foreign Policy Journal (www.foreignpolicyjournal.com),https://mediabiasfactcheck.com/foreign-policy-journal/,left
Foreign Policy News (foreignpolicynews.org),https://mediabiasfactcheck.com/foreign-policy-news/,left
Free Press (freepress.org),https://mediabiasfactcheck.com/free-press-2/,left
Freedom From Religion Foundation (ffrf.org),https://mediabiasfactcheck.com/freedom-religion-foundation-ffrf/,left
Freedom News and Journal (freedomnews.org.uk),https://mediabiasfactcheck.com/freedom-news-and-journal/,left
Front Page Live (www.frontpagelive.com),https://mediabiasfactcheck.com/front-page-live/,left
FSTv (Freespeech.org) (www.freespeech.org),https://mediabiasfactcheck.com/fstv-freespeech-org/,left
Future Forward USA PAC (futureforwardusa.org),https://mediabiasfactcheck.com/future-forward-usa-pac-ff-pac-bias/,left
Gawker (gawker.com),https://mediabiasfactcheck.com/gawker-bias/,left
Gay City News (gaycitynews.com),https://mediabiasfactcheck.com/gay-city-news-bias/,left
Gay Star News (www.gaystarnews.com),https://mediabiasfactcheck.com/gay-star-news/,left
Gay Times (gaytimes.co.uk),https://mediabiasfactcheck.com/gay-times-bias/,left
Geopolitics Alert (geopoliticsalert.com),https://mediabiasfactcheck.com/geopolitics-alert/,left
Georgia Recorder (georgiarecorder.com),https://mediabiasfactcheck.com/georgia-recorder-bias/,left
Giffords Law Center to Prevent Gun Violence (Giffords.org),https://mediabiasfactcheck.com/giffords-law-center-to-prevent-gun-violence-bias/,left
Girls for Gender Equity (ggenyc.org),https://mediabiasfactcheck.com/girls-for-gender-equity-gge-bias-and-credibility/,left
Gizmodo (gizmodo.com),https://mediabiasfactcheck.com/gizmodo/,left
GLAAD (glaad.org),https://mediabiasfactcheck.com/glaad/,left
Global Voices (globalvoices.org),https://mediabiasfactcheck.com/global-voices/,left
Good Magazine (www.good.is),https://mediabiasfactcheck.com/good-magazine/,left
GQ Magazine (www.gq.com),https://mediabiasfactcheck.com/gq-magazine/,left
Grasping Reality With Both Hands: Bradford Delong (www.bradford-delong.com),https://mediabiasfactcheck.com/grasping-reality-hands-bradford-delong/,left
Green Left Weekly (www.greenleft.org.au),https://mediabiasfactcheck.com/green-left-weekly/,left
Greenlining Institute (greenlining.org),https://mediabiasfactcheck.com/greenlining-institute-bias/,left
Guardian Liberty Voice (guardianlv.com),https://mediabiasfactcheck.com/guardian-liberty-voice/,left
Haaretz (www.haaretz.com),https://mediabiasfactcheck.com/haaretz/,left
Harper’s Bazaar (harpersbazaar.com),https://mediabiasfactcheck.com/harpers-bazaar-bias/,left
Harvard International Review (hir.harvard.edu),https://mediabiasfactcheck.com/harvard-international-review-bias/,left
High Times (hightimes.com),https://mediabiasfactcheck.com/high-times-bias/,left
Hill Reporter (hillreporter.com),https://mediabiasfactcheck.com/hill-reporter/,left
Hope Not Hate (hopenothate.org.uk),https://mediabiasfactcheck.com/hope-not-hate-bias/,left
Huffington Post (www.huffingtonpost.com),https://mediabiasfactcheck.com/huffington-post/,left
Human Rights Campaign (www.hrc.org),https://mediabiasfactcheck.com/human-rights-campaign/,left
Idaho Capital Sun (idahocapitalsun.com),https://mediabiasfactcheck.com/idaho-capital-sun-bias/,left
In Defence of Marxism (www.marxist.com),https://mediabiasfactcheck.com/in-defence-of-marxism/,left
In These Times (inthesetimes.com),https://mediabiasfactcheck.com/in-these-times/,left
Independent Florida Alligator (alligator.org),https://mediabiasfactcheck.com/the-independent-florida-alligator/,left
Indivisible Movement (indivisible.org),https://mediabiasfactcheck.com/indivisible-movement-bias/,left
Indy Week (indyweek.com),https://mediabiasfactcheck.com/indy-week-bias-and-credibility/,left
Inequality Media (www.inequalitymedia.org),https://mediabiasfactcheck.com/inequality-media/,left
Informed Comment (Juan Cole) (www.juancole.com),https://mediabiasfactcheck.com/informed-comment/,left
Inkstick Media (inkstickmedia.com),https://mediabiasfactcheck.com/inkstick-media-bias/,left
Institute for New Economic Thinking (ineteconomics.org),https://mediabiasfactcheck.com/institute-for-new-economic-thinking-bias/,left
Institute for Policy Studies (www.ips-dc.org),https://mediabiasfactcheck.com/institute-policy-studies/,left
International Policy Institute (intpolicydigest.org),https://mediabiasfactcheck.com/international-policy-digest-bias/,left
International Socialism Journal (isj.org.uk),https://mediabiasfactcheck.com/international-socialism-journal-bias/,left
International Viewpoint (www.internationalviewpoint.org),https://mediabiasfactcheck.com/international-viewpoint/,left
Intrepid Report (www.intrepidreport.com),https://mediabiasfactcheck.com/intrepid-report/,left
Iowa Capital Dispatch (iowacapitaldispatch.com),https://mediabiasfactcheck.com/iowa-capital-dispatch/,left
Iowa Starting Line (iowastartingline.com),https://mediabiasfactcheck.com/iowa-starting-line/,left
It’s Going Down (itsgoingdown.org),https://mediabiasfactcheck.com/its-going-down/,left
Jacobin (www.jacobinmag.com),https://mediabiasfactcheck.com/jacobin/,left
Jewish Currents (jewishcurrents.org),https://mediabiasfactcheck.com/jewish-currents-bias/,left
Jewish Voice for Peace (jewishvoiceforpeace.org),https://mediabiasfactcheck.com/jewish-voice-for-peace-jvp-bias/,left
Jezebel (jezebel.com),https://mediabiasfactcheck.com/jezebel/,left
JoeBiden.com,https://mediabiasfactcheck.com/joebiden-com/,left
Junkee (junkee.com),https://mediabiasfactcheck.com/junkee-bias/,left
Kansas Reflector (kansasreflector.com),https://mediabiasfactcheck.com/kansas-reflector-bias/,left
Kentucky Lantern (kentuckylantern.com),https://mediabiasfactcheck.com/kentucky-lantern-bias/,left
Knock-LA (knock-la.com),https://mediabiasfactcheck.com/knock-la-bias/,left
Lavender Magazine (www.lavendermagazine.com),https://mediabiasfactcheck.com/lavender-magazine/,left
LA Weekly (laweekly.com),https://mediabiasfactcheck.com/la-weekly/,left
League of Conservation Voters (lcv.org),https://mediabiasfactcheck.com/the-league-of-conservation-voters-bias/,left
Left Foot Forward (leftfootforward.org),https://mediabiasfactcheck.com/left-foot-forward/,left
Left Voice (www.leftvoice.org),https://mediabiasfactcheck.com/left-voice/,left
Legal Reader (legalreader.com),https://mediabiasfactcheck.com/legal-reader-bias/,left
Leicester Gazette (leicester.news),https://mediabiasfactcheck.com/leicester-gazette-bias/,left
Le Media (lemediatv.fr),https://mediabiasfactcheck.com/le-media-bias/,left
Le Monde Diplomatique (monde-diplomatique.fr),https://mediabiasfactcheck.com/le-monde-diplomatique-bias/,left
LEO Weekly – Louisville (leoweekly.com),https://mediabiasfactcheck.com/leo-weekly-louisville-bias/,left
LGBTQ Nation (www.lgbtqnation.com),https://mediabiasfactcheck.com/lgbtq-nation/,left
Libcom.org (libcom.org),https://mediabiasfactcheck.com/libcom-org/,left
Liberal America (liberalamerica.life),https://mediabiasfactcheck.com/liberal-america/,left
Liberation News (www.liberationnews.org),https://mediabiasfactcheck.com/liberation-news/,left
Little Green Footballs (littlegreenfootballs.com),https://mediabiasfactcheck.com/little-green-footballs/,left
Louisiana Illuminator (lailluminator.com),https://mediabiasfactcheck.com/lousiana-illuminator-bias/,left
Mail & Guardian (mg.co.za),https://mediabiasfactcheck.com/mail-guardian-bias/,left
Maine Beacon (mainebeacon.com),https://mediabiasfactcheck.com/maine-beacon/,left
Maine Morning Star – (mainemorningstar.com),https://mediabiasfactcheck.com/maine-morning-star-bias/,left
Movement Advancement Project (mapresearch.org),https://mediabiasfactcheck.com/movement-advancement-project-map-bias/,left
Marxists Internet Archive (MIA) (marxists.org),https://mediabiasfactcheck.com/marxists-internet-archive-mia-bias/,left
Mashable (mashable.com),https://mediabiasfactcheck.com/mashable/,left
Media Matters (mediamatters.org),https://mediabiasfactcheck.com/media-matters/,left
Mediaite (www.mediaite.com),https://mediabiasfactcheck.com/mediaite/,left
Meduza (meduza.io),https://mediabiasfactcheck.com/meduza/,left
MeidasTouch (meidastouch.com),https://mediabiasfactcheck.com/meidastouch/,left
Metro Weekly (metroweekly.com),https://mediabiasfactcheck.com/metro-weekly-bias/,left
Merry Jane (www.merryjane.com),https://mediabiasfactcheck.com/merry-jane/,left
Miami New Times (www.miaminewtimes.com),https://mediabiasfactcheck.com/miami-new-times-2/,left
Michigan Advance (michiganadvance.com),https://mediabiasfactcheck.com/michigan-advance-bias/,left
Middle East Monitor (www.middleeastmonitor.com),https://mediabiasfactcheck.com/middle-east-monitor/,left
Middletown Media (www.muncievoice.com),https://mediabiasfactcheck.com/muncie-voice/,left
Milwaukee Independent (milwaukeeindependent.org),https://mediabiasfactcheck.com/milwaukee-independent/,left
Minnesota Reformer (minnesotareformer.com),https://mediabiasfactcheck.com/minnesota-reformer-bias/,left
Mississippi Free Press (mississippifreepress.org),https://mediabiasfactcheck.com/mississippi-free-press-bias/,left
Missouri Independent (missouriindependent.com),https://mediabiasfactcheck.com/missouri-independent-bias/,left
Modern Liberals (modernliberals.com),https://mediabiasfactcheck.com/modern-liberals/,left
Monthly Review (monthlyreview.org),https://mediabiasfactcheck.com/monthly-review/,left
MR Online (mronline.org),https://mediabiasfactcheck.com/mr-online-bias-and-credibility/,left
Ms. (Magazine) (www.msmagazine.com),https://mediabiasfactcheck.com/ms-magazine/,left
MSNBC (www.msnbc.com),https://mediabiasfactcheck.com/msnbc/,left
Nation of Change (www.nationofchange.org),https://mediabiasfactcheck.com/nation-of-change/,left
National Association for the Advancement of Colored People (NAACP) (www.naacp.org),https://mediabiasfactcheck.com/national-association-advancement-colored-people-naacp/,left
National Democratic Training Committee (traindemocrats.org),https://mediabiasfactcheck.com/national-democratic-training-committee-ndtc-bias-and-credibility/,left
National Immigration Law Center (nilc.org),https://mediabiasfactcheck.com/national-immigration-law-center-nilc-bias/,left
National Organization for Women (NOW.org),https://mediabiasfactcheck.com/national-organization-for-women-now-bias-and-credibility/,left
National Women’s Law Center (nwlc.org),https://mediabiasfactcheck.com/national-womens-law-center-nwlc-bias/,left
Natural Resources Defense Council (www.nrdc.org),https://mediabiasfactcheck.com/natural-resources-defense-council/,left
NC Policy Watch (www.ncpolicywatch.com),https://mediabiasfactcheck.com/nc-policy-watch/,left
Nebraska Examiner (nebraskaexaminer.com),https://mediabiasfactcheck.com/nebraska-examiner-bias/,left
Neues Deutschland (nd-aktuell.de),https://mediabiasfactcheck.com/neues-deutschland-nd-bias-and-credibility/,left
Nevada Current (nevadacurrent.com),https://mediabiasfactcheck.com/nevada-current-bias/,left
New Internationalist (newint.org),https://mediabiasfactcheck.com/new-internationalist/,left
New Jersey Monitor (newjerseymonitor.com),https://mediabiasfactcheck.com/new-jersey-monitor-bias/,left
New Politics Magazine (newpol.org),https://mediabiasfactcheck.com/new-politics-magazine/,left
New Republic (newrepublic.com),https://mediabiasfactcheck.com/new-republic/,left
New Statesman (www.newstatesman.com),https://mediabiasfactcheck.com/new-statesman/,left
New York Amsterdam News (amsterdamnews.com),https://mediabiasfactcheck.com/new-york-amsterdam-news/,left
New York Focus (nyfocus.com),https://mediabiasfactcheck.com/new-york-focus-bias/,left
New York Magazine (nymag.com),https://mediabiasfactcheck.com/new-york-magazine/,left
New Yorker (www.newyorker.com),https://mediabiasfactcheck.com/new-yorker/,left
NewsClick (newsclick.in),https://mediabiasfactcheck.com/newsclick-bias-and-credibility/,left
News Corpse (newscorpse.com),https://mediabiasfactcheck.com/news-corpse/,left
News From the States (newsfromthestates.com),https://mediabiasfactcheck.com/news-from-the-states-bias/,left
News Hounds (www.newshounds.us),https://mediabiasfactcheck.com/newshounds/,left
NewsOne (www.newsone.com),https://mediabiasfactcheck.com/newsone/,left
Nonprofit Quarterly (nonprofitquarterly.org),https://mediabiasfactcheck.com/nonprofit-quarterly-bias-and-credibility/,left
North Dakota Monitor (northdakotamonitor.com),https://mediabiasfactcheck.com/north-dakota-monitor-bias/,left
Novara Media (novaramedia.com),https://mediabiasfactcheck.com/novara-media-bias/,left
Now Magazine (nowtoronto.com),https://mediabiasfactcheck.com/now-magazine/,left
Oaklandside (oaklandside.org),https://mediabiasfactcheck.com/oaklandside-bias-and-credibility/,left
Occupy.com (www.occupy.com),https://mediabiasfactcheck.com/occupy-com/,left
Ohio Capital-Journal (ohiocapitaljournal.com),https://mediabiasfactcheck.com/ohio-capital-journal-bias/,left
Oklahoma Voice (oklahomavoice.com),https://mediabiasfactcheck.com/oklahoma-voice-bias/,left
OKO.Press,https://mediabiasfactcheck.com/oko-press-bias-and-credibility/,left
One Green Planet (www.onegreenplanet.org),https://mediabiasfactcheck.com/one-green-planet/,left
OpEdNews (OEN) (www.opednews.com),https://mediabiasfactcheck.com/opednews-oen/,left
Open Society Foundations (opensocietyfoundations.org),https://mediabiasfactcheck.com/open-society-foundations/,left
Oregon Capital Chronicle (oregoncapitalchronicle.com),https://mediabiasfactcheck.com/oregon-capital-chronicle-bias/,left
Orlando Weekly (orlandoweekly.com),https://mediabiasfactcheck.com/orlando-weekly-bias/,left
Out Magazine (out.com),https://mediabiasfactcheck.com/out-magazine/,left
Oxfam America (oxfamamerica.org),https://mediabiasfactcheck.com/oxfam-america-bias-and-credibility/,left
Palestine News Network (english.pnn.ps),https://mediabiasfactcheck.com/pnn-palestine-news-network-bias-and-credibility/,left
Palestinian Information Center (palinfo.com),https://mediabiasfactcheck.com/palestinian-information-center-pic-bias-and-credibility/,left
Palmer Report (www.palmerreport.com),https://mediabiasfactcheck.com/palmer-report/,left
Paste Magazine (www.pastemagazine.com),https://mediabiasfactcheck.com/paste-magazine/,left
Pennsylvania Capital-Star (penncapital-star.com),https://mediabiasfactcheck.com/pennsylvania-capital-star/,left
People for the American Way (PFAW) (www.pfaw.org),https://mediabiasfactcheck.com/people-american-way-pfaw/,left
People Magazine (people.com),https://mediabiasfactcheck.com/people-magazine/,left
People’s Policy Project (peoplespolicyproject.org),https://mediabiasfactcheck.com/peoples-policy-project-bias/,left
People’s World (peoplesworld.org),https://mediabiasfactcheck.com/peoples-world-bias/,left
Physicians for a National Health Program (pnhp.org),https://mediabiasfactcheck.com/physicians-for-a-national-health-program-pnhp-bias-and-credibility/,left
PINAC (photographyisnotacrime.com),https://mediabiasfactcheck.com/pinac/,left
Pink News (www.pinknews.co.uk),https://mediabiasfactcheck.com/pink-news/,left
Political Flare (politicalflare.com),https://mediabiasfactcheck.com/political-flare/,left
Political Research Associates (politicalresearch.org),https://mediabiasfactcheck.com/political-research-associates-pra-bias-and-credibility/,left
Political Tribune (politicaltribune.org)(Formerly DC Tribune),https://mediabiasfactcheck.com/dc-tribune/,left
PoliticusUsa (www.politicususa.com),https://mediabiasfactcheck.com/politicususa/,left
Politizoom (politizoom.com),https://mediabiasfactcheck.com/politizoom/,left
Popular Information (popular.info),https://mediabiasfactcheck.com/popular-information/,left
Popular Resistance (popularresistance.org),https://mediabiasfactcheck.com/popular-resistance/,left
Portside (portside.org),https://mediabiasfactcheck.com/portside-bias-and-credibility/,left
Post Carbon Institute (postcarbon.org),https://mediabiasfactcheck.com/post-carbon-institute-bias/,left
Press Progress (www.pressprogress.ca),https://mediabiasfactcheck.com/press-progress/,left
Press Watch (presswatchers.org),https://mediabiasfactcheck.com/press-watch-bias-and-credibility/,left
Pride Source (pridesource.com),https://mediabiasfactcheck.com/pride-source-bias-and-credibility/,left
Prism (prismreports.org),https://mediabiasfactcheck.com/prism-bias-and-credibility/,left
Progressive Change Campaign Committee (boldprogressives.org),https://mediabiasfactcheck.com/progressive-change-campaign-committee/,left
Progressive International (progressive.international),https://mediabiasfactcheck.com/progressive-international-bias/,left
Project Censored (projectcensored.org),https://mediabiasfactcheck.com/project-censored/,left
Psyche (psyche.co),https://mediabiasfactcheck.com/psyche-bias/,left
Public Accountability Initiative (littlesis.org),https://mediabiasfactcheck.com/littlesis-org-public-accountabilty-initiative-bias/,left
Queerty (www.queerty.com),https://mediabiasfactcheck.com/queerty/,left
Rabble.ca (rabble.ca),https://mediabiasfactcheck.com/rabble-ca/,left
Raw Story (www.rawstory.com),https://mediabiasfactcheck.com/raw-story/,left
Reader Supported News (RSN) (readersupportednews.org),https://mediabiasfactcheck.com/reader-supported-news-rsn/,left
Reading the Pictures (www.readingthepictures.org),https://mediabiasfactcheck.com/reading-the-pictures/,left
Real News Network (therealnews.com),https://mediabiasfactcheck.com/real-news-network/,left
Reckon.News,https://mediabiasfactcheck.com/reckon-news-bias-and-credibility/,left
Red Pepper (www.redpepper.org.uk),https://mediabiasfactcheck.com/red-pepper/,left
Refinery29 (refinery29.com),https://mediabiasfactcheck.com/refinery29/,left
Republic Report (www.republicreport.org),https://mediabiasfactcheck.com/republic-report/,left
Resilience (Post Carbon Institute) (www.resilience.org),https://mediabiasfactcheck.com/resilience-post-carbon-institute/,left
Resolute Square (resolutesquare.com),https://mediabiasfactcheck.com/resolute-square-bias/,left
Revcom.us (revcom.us),https://mediabiasfactcheck.com/revcom-us/,left
Revolutionary Communists of America (communistusa.org),https://mediabiasfactcheck.com/revolutionary-communists-of-america-rca-bias-and-credibility/,left
ReWire.news (rewire.news),https://mediabiasfactcheck.com/rewire/,left
Rhode Island Current (rhodeislandcurrent.com),https://mediabiasfactcheck.com/rhode-island-current-bias/,left
Right Wing Watch (www.rightwingwatch.org),https://mediabiasfactcheck.com/right-wing-watch/,left
Ring of Fire (trofire.com),https://mediabiasfactcheck.com/ring-of-fire/,left
Rolling Stone (www.rollingstone.com),https://mediabiasfactcheck.com/rolling-stone/,left
Salon (www.salon.com),https://mediabiasfactcheck.com/salon/,left
San Antonio Current (sacurrent.com),https://mediabiasfactcheck.com/san-antonio-current-bias/,left
Sanders Institute (sandersinstitute.org),https://mediabiasfactcheck.com/sanders-institute-bias-and-credibility/,left
San Francisco Bay View (sfbayview.com),https://mediabiasfactcheck.com/san-francisco-bay-view/,left
Scary Mommy (www.scarymommy.com),https://mediabiasfactcheck.com/scary-mommy/,left
Second Nexus (secondnexus.com),https://mediabiasfactcheck.com/second-nexus/,left
Sentient Media (sentientmedia.org),https://mediabiasfactcheck.com/sentient-media-bias-and-credibility/,left
Seventeen,https://mediabiasfactcheck.com/seventeen/,left
Shadow Proof (shadowproof.com),https://mediabiasfactcheck.com/shadow-proof/,left
Shondaland (shondaland.com),https://mediabiasfactcheck.com/shondaland/,left
Sightline Institute (sightline.org),https://mediabiasfactcheck.com/sightline-institute-bias-and-credibility/,left
Skwawkbox (skwawkbox.org),https://mediabiasfactcheck.com/skwawkbox-bias-and-credibility/,left
Slate (www.slate.com),https://mediabiasfactcheck.com/slate/,left
Sludge (readsludge.com),https://mediabiasfactcheck.com/sludge/,left
Smirking Chimp,https://mediabiasfactcheck.com/smirking-chimp/,left
Socialist Standard (www.worldsocialism.org),https://mediabiasfactcheck.com/socialist-standard/,left
SocialistWorker.org (socialistworker.org),https://mediabiasfactcheck.com/socialistworker-org/,left
Socialist Worker-UK (socialistworker.co.uk),https://mediabiasfactcheck.com/socialist-worker-uk-bias-and-credibility/,left
Source New Mexico (sourcenm.com),https://mediabiasfactcheck.com/source-new-mexico-bias/,left
SourceWatch (www.sourcewatch.org),https://mediabiasfactcheck.com/sourcewatch/,left
South Carolina Daily Gazette (scdailygazette.com),https://mediabiasfactcheck.com/south-carolina-daily-gazette-bias/,left
South Dakota Searchlight (southdakotasearchlight.com),https://mediabiasfactcheck.com/south-dakota-searchlight-bias/,left
Southern Poverty Law Center (www.splcenter.org),https://mediabiasfactcheck.com/southern-poverty-law-center/,left
Spotlight Delaware (spotlightdelaware.org),https://mediabiasfactcheck.com/spotlight-delaware-bias/,left
St. Louis Riverfront Times (riverfronttimes.com),https://mediabiasfactcheck.com/st-louis-riverfront-times-bias/,left
St. Pete for Peace (www.stpete4peace.org),https://mediabiasfactcheck.com/st-pete-for-peace/,left
Stateline (stateline.org),https://mediabiasfactcheck.com/stateline-bias-and-credibility/,left
Sunrise Movement (sunrisemovement.org),https://mediabiasfactcheck.com/sunrise-movement-bias/,left
SurveyUSA (surveyusa.net),https://mediabiasfactcheck.com/surveyusa-bias-and-credibility/,left
Talking Points Memo (talkingpointsmemo.com),https://mediabiasfactcheck.com/talking-points-memo/,left
Teen Vogue (teenvogue.com),https://mediabiasfactcheck.com/teen-vogue/,left
Tennessee Holler (tnholler.com),https://mediabiasfactcheck.com/tennessee-holler/,left
Tennessee Lookout (tennesseelookout.com),https://mediabiasfactcheck.com/tennessee-lookout-bias/,left
The 19th News (19thnews.org),https://mediabiasfactcheck.com/the-19th-news/,left
The Advocate (www.advocate.com),https://mediabiasfactcheck.com/advocate/,left
The American Independent Institute (americanindependent.com),https://mediabiasfactcheck.com/american-independent-institute/,left
The American Prospect (prospect.org),https://mediabiasfactcheck.com/the-american-prospect/,left
The Austin Chronicle (www.austinchronicle.com),https://mediabiasfactcheck.com/the-austin-chronicle/,left
The Baffler (thebaffler.com),https://mediabiasfactcheck.com/the-baffler/,left
The Breach (breachmedia.ca),https://mediabiasfactcheck.com/the-breach-bias/,left
The Burning Spear (www.theburningspear.com),https://mediabiasfactcheck.com/the-burning-spear/,left
The Canary (UK) (www.thecanary.co),https://mediabiasfactcheck.com/the-canary-uk/,left
The Climate Reality Project (www.climaterealityproject.org),https://mediabiasfactcheck.com/the-climate-reality-project/,left
The Cradle (thecradle.co),https://mediabiasfactcheck.com/the-cradle-bias-and-credibility/,left
The Cut (thecut.com),https://mediabiasfactcheck.com/the-cut/,left
The Daily 49er (www.daily49er.com),https://mediabiasfactcheck.com/daily-49er/,left
The Daily Banter (thedailybanter.com),https://mediabiasfactcheck.com/the-daily-banter/,left
The Daily Buzz (the-daily.buzz),https://mediabiasfactcheck.com/the-daily-buzz/,left
The Daily Vox (www.thedailyvox.co.za),https://mediabiasfactcheck.com/the-daily-vox/,left
The Democratic Hub (www.democratichub.com),https://mediabiasfactcheck.com/the-democratic-hub/,left
The Dodo (https://www.thedodo.com),https://mediabiasfactcheck.com/dodo-bias-rating/,left
The Dworkin Report (dworkinreport.com),https://mediabiasfactcheck.com/the-dworkin-report/,left
The Florida Squeeze (thefloridasqueeze.com),https://mediabiasfactcheck.com/the-florida-squeeze/,left
The Gaily Grind (thegailygrind.com),https://mediabiasfactcheck.com/the-gaily-grind-bias/,left
The Gay Center (gaycenter.org),https://mediabiasfactcheck.com/the-gay-center-bias/,left
The Good Men Project (goodmenproject.com),https://mediabiasfactcheck.com/the-good-men-project/,left
The Gravel Institute (gravelinstitute.org),https://mediabiasfactcheck.com/gravel-institute-bias/,left
The Immigrant Legal Resource Center (ILRC) (ilrc.org),https://mediabiasfactcheck.com/the-immigrant-legal-resource-center-ilrc-bias/,left
The Indypendent (indypendent.org),https://mediabiasfactcheck.com/the-indypendent/,left
The Intellectualist (theintellectualist.co),https://mediabiasfactcheck.com/the-intellectualist/,left
The Lever (levernews.com),https://mediabiasfactcheck.com/the-daily-poster/,left
The Lily (www.thelily.com),https://mediabiasfactcheck.com/the-lily/,left
The London Economic (www.thelondoneconomic.com),https://mediabiasfactcheck.com/the-london-economic/,left
The Maple (readthemaple.com),https://mediabiasfactcheck.com/the-maple-bias/,left
The Mary Sue (www.themarysue.com),https://mediabiasfactcheck.com/the-mary-sue/,left
The Militant (www.themilitant.com),https://mediabiasfactcheck.com/the-militant/,left
The Monthly (Australia) (www.themonthly.com.au),https://mediabiasfactcheck.com/the-monthly-australia/,left
The Morning Star (www.morningstaronline.co.uk),https://mediabiasfactcheck.com/the-morning-star/,left
The Narwhal (thenarwhal.ca),https://mediabiasfactcheck.com/the-narwhal-bias/,left
The Nation (https://www.thenation.com/),https://mediabiasfactcheck.com/the-nation/,left
The National Memo (www.nationalmemo.com),https://mediabiasfactcheck.com/the-national-memo/,left
The New Civil Rights Movement (www.thenewcivilrightsmovement.com),https://mediabiasfactcheck.com/the-new-civil-rights-movement/,left
The New European (theneweuropean.co.uk),https://mediabiasfactcheck.com/the-new-european-bias-and-credibility/,left
The New Inquiry (thenewinquiry.com),https://mediabiasfactcheck.com/the-new-inquiry-bias/,left
The Palestine Chronicle (www.palestinechronicle.com),https://mediabiasfactcheck.com/the-palestine-chronicle/,left
The People’s Dispatch (peoplesdispatch.org),https://mediabiasfactcheck.com/the-peoples-dispatch-bias-and-credibility/,left
The Phnom Penh Post (www.phnompenhpost.com),https://mediabiasfactcheck.com/the-phnom-penh-post/,left
The Progressive (www.progressive.org),https://mediabiasfactcheck.com/the-progressive/,left
The Progressive Populist (populist.com),https://mediabiasfactcheck.com/the-progressive-populist-bias-and-credibility/,left
The Root (www.theroot.com),https://mediabiasfactcheck.com/the-root/,left
The Sierra Club (sierraclub.org),https://mediabiasfactcheck.com/the-sierra-club-bias/,left
The Solutions Project (thesolutionsproject.org),https://mediabiasfactcheck.com/the-solutions-project-tsp-bias-and-credibility/,left
The Source Newspaper (La Source) (thelasource.com),https://mediabiasfactcheck.com/source-newspaper-la-source/,left
The Stand (thestand.org),https://mediabiasfactcheck.com/the-stand-bias-and-credibility/,left
The Straight Dope (straightdope.com),https://mediabiasfactcheck.com/the-straight-dope-bias/,left
The Stranger (www.thestranger.com),https://mediabiasfactcheck.com/the-stranger/,left
The Texas Observer (www.texasobserver.org),https://mediabiasfactcheck.com/the-texas-observer/,left
The Village Voice (www.villagevoice.com),https://mediabiasfactcheck.com/the-village-voice/,left
The Voice UK (voice-online.co.uk),https://mediabiasfactcheck.com/the-voice-uk/,left
The Walrus (thewalrus.ca),https://mediabiasfactcheck.com/the-walrus/,left
The Washington Spectator (washingtonspectator.org),https://mediabiasfactcheck.com/the-washington-spectator/,left
Washington State Standard (washingtonstatestandard.com),https://mediabiasfactcheck.com/washington-state-standard-bias/,left
The Week (theweek.com),https://mediabiasfactcheck.com/the-week/,left
The World Can’t Wait (worldcantwait.net),https://mediabiasfactcheck.com/world-cant-wait/,left
TheGrio (thegrio.com),https://mediabiasfactcheck.com/thegrio/,left
The Zero Hour (www.thisisthezerohour.com),https://mediabiasfactcheck.com/the-zero-hour/,left
Them.us,https://mediabiasfactcheck.com/them-us/,left
ThinkPol (thinkpol.ca),https://mediabiasfactcheck.com/thinkpol-bias/,left
This Magazine (this.org),https://mediabiasfactcheck.com/this-magazine/,left
Towleroad (www.towleroad.com),https://mediabiasfactcheck.com/towleroad/,left
TreeHugger (www.treehugger.com),https://mediabiasfactcheck.com/treehugger/,left
TruthDig (www.truthdig.com),https://mediabiasfactcheck.com/truthdig/,left
Truth Initiative (thetruth.com),https://mediabiasfactcheck.com/thetruth-com-bias/,left
TruthOut (truthout.org),https://mediabiasfactcheck.com/truth-out/,left
Truth Theory (truththeory.com),https://mediabiasfactcheck.com/truth-theory/,left
Unicorn Riot (www.unicornriot.ninja),https://mediabiasfactcheck.com/unicorn-riot/,left
UNRWA (unrwa.org),https://mediabiasfactcheck.com/unrwa-bias/,left
Uproxx (uproxx.com),https://mediabiasfactcheck.com/uproxx/,left
Upworthy (www.upworthy.com),https://mediabiasfactcheck.com/upworthy/,left
URL Media (url-media.com),https://mediabiasfactcheck.com/url-media-bias-and-credibility/,left
U.S. Right to Know (usrtk.org),https://mediabiasfactcheck.com/u-s-right-to-know-bias/,left
Utah News Dispatch (utahnewsdispatch.com),https://mediabiasfactcheck.com/utah-news-dispatch-bias/,left
Vanity Fair (www.vanityfair.com),https://mediabiasfactcheck.com/vanity-fair/,left
Vegan Society (vegansociety.com),https://mediabiasfactcheck.com/vegan-society-bias/,left
Venezuela Analysis (venezuelaanalysis.com),https://mediabiasfactcheck.com/venezuela-analysis-bias/,left
Vox (www.vox.com),https://mediabiasfactcheck.com/vox/,left
Wall Street on Parade (wallstreetonparade.com),https://mediabiasfactcheck.com/wall-street-on-parade/,left
Washington Babylon (washingtonbabylon.com),https://mediabiasfactcheck.com/washington-babylon/,left
Washington Press (washingtonpress.com),https://mediabiasfactcheck.com/washington-press/,left
Washingtonian (washingtonian.com),https://mediabiasfactcheck.com/washingtonian-bias-credibility-rating/,left
Washington Report on Middle Eastern Affairs (wrmea.org),https://mediabiasfactcheck.com/washington-report-on-middle-east-affairs-wrmea-bias/,left
Wear Your Voice (wearyourvoicemag.com),https://mediabiasfactcheck.com/wear-your-voice/,left
We Hunted the Mammoth (wehuntedthemammoth.com),https://mediabiasfactcheck.com/we-hunted-the-mammoth/,left
Well+Good (wellandgood.com),https://mediabiasfactcheck.com/wellgood-bias/,left
West Virginia Watch (westvirginiawatch.com),https://mediabiasfactcheck.com/west-virginia-watch-bias-and-credibility/,left
Who.What.Why (whowhatwhy.org),https://mediabiasfactcheck.com/who-what-why/,left
Wisconsin Examiner (wisconsinexaminer.com),https://mediabiasfactcheck.com/wisconsin-examiner-bias/,left
Wonkette (wonkette.com),https://mediabiasfactcheck.com/wonkette/,left
Workers World (www.workers.org),https://mediabiasfactcheck.com/workers-world/,left
World Socialist Web Site (wsws.org),https://mediabiasfactcheck.com/world-socialist-web-site/,left
WyoFile (wyofile.com),https://mediabiasfactcheck.com/wyofile-bias-and-credibility/,left
Xtra Magazine (xtramagazine.com),https://mediabiasfactcheck.com/xtra-magazine-bias-and-credibility/,left
Yes Magazine (www.yesmagazine.org),https://mediabiasfactcheck.com/yes-magazine/,left
Young Turks (tytnetwork.com),https://mediabiasfactcheck.com/the-young-turks/,left
Z Network (znetwork.org),https://mediabiasfactcheck.com/z-magazine/,left
zona.media (MediaZona),https://mediabiasfactcheck.com/zona-media-bias/,left
